feature,importance
parks_count_1km,0.32218052893292864
open_bars_count_500m,0.31909538914341373
ndvi,0.19466814783999353
nightlight,0.08026217634745417
lst_celsius_1km,0.025233227635307696
temp_max,0.024362243102687337
temp_min,0.021960136769737706
precip_mm,0.012238150228477171
